{
    "f1": 0.5318681318681319,
    "roc_auc": 0.8433579467310723
}