feature,importance
Age,0.2443772912838206
NumOfProducts,0.18156110144835996
IsActiveMember,0.1365433209302052
Balance,0.03256138481222015
Tenure,0.021487627891394336
CreditScore,0.014310800961018267
EstimatedSalary,0.006290523002888837
HasCrCard,0.00015234116097877503
